file,description
run_bot.py,
venv/Lib/site-packages/pip/__init__.py,This is an internal API only meant for use by pip's own console scripts.
venv/Lib/site-packages/pip/__main__.py,
venv/Lib/site-packages/pip/__pip-runner__.py,"Execute exactly this copy of pip, within a different environment."
venv/Lib/site-packages/pip/_vendor/__init__.py,
venv/Lib/site-packages/pip/_vendor/urllib3/_version.py,
venv/Lib/site-packages/pip/_vendor/urllib3/fields.py,
venv/Lib/site-packages/pip/_vendor/urllib3/response.py,
venv/Lib/site-packages/pip/_vendor/urllib3/connectionpool.py,
venv/Lib/site-packages/pip/_vendor/urllib3/request.py,
venv/Lib/site-packages/pip/_vendor/urllib3/__init__.py,
venv/Lib/site-packages/pip/_vendor/urllib3/poolmanager.py,
venv/Lib/site-packages/pip/_vendor/urllib3/filepost.py,
venv/Lib/site-packages/pip/_vendor/urllib3/exceptions.py,Base exception used by this module.
venv/Lib/site-packages/pip/_vendor/urllib3/_collections.py,
venv/Lib/site-packages/pip/_vendor/urllib3/connection.py,
venv/Lib/site-packages/pip/_vendor/urllib3/util/wait.py,Waits for reading to be available on a given socket.
venv/Lib/site-packages/pip/_vendor/urllib3/util/ssl_.py,
venv/Lib/site-packages/pip/_vendor/urllib3/util/timeout.py,Timeout configuration.
venv/Lib/site-packages/pip/_vendor/urllib3/util/response.py,
venv/Lib/site-packages/pip/_vendor/urllib3/util/request.py,
venv/Lib/site-packages/pip/_vendor/urllib3/util/ssltransport.py,
venv/Lib/site-packages/pip/_vendor/urllib3/util/__init__.py,
venv/Lib/site-packages/pip/_vendor/urllib3/util/ssl_match_hostname.py,"The match_hostname() function from Python 3.3.3, essential when using SSL."
venv/Lib/site-packages/pip/_vendor/urllib3/util/queue.py,
venv/Lib/site-packages/pip/_vendor/urllib3/util/retry.py,Retry configuration.
venv/Lib/site-packages/pip/_vendor/urllib3/util/url.py,
venv/Lib/site-packages/pip/_vendor/urllib3/util/proxy.py,
venv/Lib/site-packages/pip/_vendor/urllib3/util/connection.py,
venv/Lib/site-packages/pip/_vendor/urllib3/contrib/ntlmpool.py,
venv/Lib/site-packages/pip/_vendor/urllib3/contrib/securetransport.py,
venv/Lib/site-packages/pip/_vendor/urllib3/contrib/socks.py,
venv/Lib/site-packages/pip/_vendor/urllib3/contrib/__init__.py,
venv/Lib/site-packages/pip/_vendor/urllib3/contrib/pyopenssl.py,
venv/Lib/site-packages/pip/_vendor/urllib3/contrib/_appengine_environ.py,
venv/Lib/site-packages/pip/_vendor/urllib3/contrib/appengine.py,
venv/Lib/site-packages/pip/_vendor/urllib3/contrib/_securetransport/__init__.py,
venv/Lib/site-packages/pip/_vendor/urllib3/contrib/_securetransport/low_level.py,
venv/Lib/site-packages/pip/_vendor/urllib3/contrib/_securetransport/bindings.py,
venv/Lib/site-packages/pip/_vendor/urllib3/packages/six.py,Utilities for writing code that runs on Python 2 and 3
venv/Lib/site-packages/pip/_vendor/urllib3/packages/__init__.py,
venv/Lib/site-packages/pip/_vendor/urllib3/packages/backports/makefile.py,
venv/Lib/site-packages/pip/_vendor/urllib3/packages/backports/weakref_finalize.py,
venv/Lib/site-packages/pip/_vendor/urllib3/packages/backports/__init__.py,
venv/Lib/site-packages/pip/_vendor/requests/status_codes.py,
venv/Lib/site-packages/pip/_vendor/requests/models.py,
venv/Lib/site-packages/pip/_vendor/requests/compat.py,
venv/Lib/site-packages/pip/_vendor/requests/structures.py,
venv/Lib/site-packages/pip/_vendor/requests/__version__.py,
venv/Lib/site-packages/pip/_vendor/requests/auth.py,
venv/Lib/site-packages/pip/_vendor/requests/packages.py,
venv/Lib/site-packages/pip/_vendor/requests/__init__.py,
venv/Lib/site-packages/pip/_vendor/requests/adapters.py,
venv/Lib/site-packages/pip/_vendor/requests/hooks.py,
venv/Lib/site-packages/pip/_vendor/requests/api.py,
venv/Lib/site-packages/pip/_vendor/requests/certs.py,
venv/Lib/site-packages/pip/_vendor/requests/cookies.py,
venv/Lib/site-packages/pip/_vendor/requests/help.py,Module containing bug report helper(s).
venv/Lib/site-packages/pip/_vendor/requests/exceptions.py,
venv/Lib/site-packages/pip/_vendor/requests/sessions.py,
venv/Lib/site-packages/pip/_vendor/requests/utils.py,
venv/Lib/site-packages/pip/_vendor/requests/_internal_utils.py,
venv/Lib/site-packages/pip/_vendor/tomli/_re.py,","
venv/Lib/site-packages/pip/_vendor/tomli/_types.py,
venv/Lib/site-packages/pip/_vendor/tomli/__init__.py,
venv/Lib/site-packages/pip/_vendor/tomli/_parser.py,Sentinel to be used as default arg during deprecation
venv/Lib/site-packages/pip/_vendor/dependency_groups/_pip_wrapper.py,
venv/Lib/site-packages/pip/_vendor/dependency_groups/_lint_dependency_groups.py,
venv/Lib/site-packages/pip/_vendor/dependency_groups/_toml_compat.py,
venv/Lib/site-packages/pip/_vendor/dependency_groups/_implementation.py,
venv/Lib/site-packages/pip/_vendor/dependency_groups/__init__.py,
venv/Lib/site-packages/pip/_vendor/dependency_groups/__main__.py,
venv/Lib/site-packages/pip/_vendor/msgpack/fallback.py,Fallback pure Python implementation of msgpack
venv/Lib/site-packages/pip/_vendor/msgpack/ext.py,ExtType represents ext type in msgpack.
venv/Lib/site-packages/pip/_vendor/msgpack/__init__.py,
venv/Lib/site-packages/pip/_vendor/msgpack/exceptions.py,Base class for some exceptions raised while unpacking.
venv/Lib/site-packages/pip/_vendor/pygments/console.py,
venv/Lib/site-packages/pip/_vendor/pygments/sphinxext.py,
venv/Lib/site-packages/pip/_vendor/pygments/unistring.py,
venv/Lib/site-packages/pip/_vendor/pygments/scanner.py,
venv/Lib/site-packages/pip/_vendor/pygments/token.py,
venv/Lib/site-packages/pip/_vendor/pygments/formatter.py,
venv/Lib/site-packages/pip/_vendor/pygments/style.py,
venv/Lib/site-packages/pip/_vendor/pygments/plugin.py,
venv/Lib/site-packages/pip/_vendor/pygments/__init__.py,
venv/Lib/site-packages/pip/_vendor/pygments/modeline.py,
venv/Lib/site-packages/pip/_vendor/pygments/__main__.py,
venv/Lib/site-packages/pip/_vendor/pygments/util.py,
venv/Lib/site-packages/pip/_vendor/pygments/lexer.py,
venv/Lib/site-packages/pip/_vendor/pygments/filter.py,
venv/Lib/site-packages/pip/_vendor/pygments/regexopt.py,
venv/Lib/site-packages/pip/_vendor/pygments/formatters/__init__.py,
venv/Lib/site-packages/pip/_vendor/pygments/formatters/_mapping.py,
venv/Lib/site-packages/pip/_vendor/pygments/lexers/python.py,
venv/Lib/site-packages/pip/_vendor/pygments/lexers/__init__.py,
venv/Lib/site-packages/pip/_vendor/pygments/lexers/_mapping.py,
venv/Lib/site-packages/pip/_vendor/pygments/filters/__init__.py,
venv/Lib/site-packages/pip/_vendor/pygments/styles/__init__.py,
venv/Lib/site-packages/pip/_vendor/pygments/styles/_mapping.py,
venv/Lib/site-packages/pip/_vendor/tomli_w/__init__.py,
venv/Lib/site-packages/pip/_vendor/tomli_w/_writer.py,Decides if an object behaves as an array of tables (i.e. a nonempty list
venv/Lib/site-packages/pip/_vendor/truststore/_api.py,Injects the :class:`truststore.SSLContext` into the ``ssl``
venv/Lib/site-packages/pip/_vendor/truststore/_openssl.py,Check whether capath exists and contains certs in the expected format.
venv/Lib/site-packages/pip/_vendor/truststore/__init__.py,Verify certificates using native system trust stores
venv/Lib/site-packages/pip/_vendor/truststore/_ssl_constants.py,
venv/Lib/site-packages/pip/_vendor/truststore/_macos.py,"Loads a CDLL by name, falling back to known path on 10.16+"
venv/Lib/site-packages/pip/_vendor/truststore/_windows.py,Verify the cert_chain from the server using Windows APIs.
venv/Lib/site-packages/pip/_vendor/distro/distro.py,
venv/Lib/site-packages/pip/_vendor/distro/__init__.py,
venv/Lib/site-packages/pip/_vendor/distro/__main__.py,
venv/Lib/site-packages/pip/_vendor/distlib/compat.py,"Matching according to RFC 6125, section 6.4.3"
venv/Lib/site-packages/pip/_vendor/distlib/__init__.py,
venv/Lib/site-packages/pip/_vendor/distlib/util.py,
venv/Lib/site-packages/pip/_vendor/distlib/resources.py,
venv/Lib/site-packages/pip/_vendor/distlib/scripts.py,
venv/Lib/site-packages/pip/_vendor/cachecontrol/heuristics.py,
venv/Lib/site-packages/pip/_vendor/cachecontrol/controller.py,
venv/Lib/site-packages/pip/_vendor/cachecontrol/filewrapper.py,
venv/Lib/site-packages/pip/_vendor/cachecontrol/wrapper.py,
venv/Lib/site-packages/pip/_vendor/cachecontrol/serialize.py,Verify our vary headers match and construct a real urllib3
venv/Lib/site-packages/pip/_vendor/cachecontrol/__init__.py,CacheControl import Interface.
venv/Lib/site-packages/pip/_vendor/cachecontrol/adapter.py,
venv/Lib/site-packages/pip/_vendor/cachecontrol/cache.py,
venv/Lib/site-packages/pip/_vendor/cachecontrol/_cmd.py,
venv/Lib/site-packages/pip/_vendor/cachecontrol/caches/file_cache.py,Shared implementation for both FileCache variants.
venv/Lib/site-packages/pip/_vendor/cachecontrol/caches/__init__.py,
venv/Lib/site-packages/pip/_vendor/cachecontrol/caches/redis_cache.py,Helper for clearing all the keys in a database. Use with
venv/Lib/site-packages/pip/_vendor/pyproject_hooks/_impl.py,A protocol for the subprocess runner.
venv/Lib/site-packages/pip/_vendor/pyproject_hooks/__init__.py,Wrappers to call pyproject.toml-based build backend hooks.
venv/Lib/site-packages/pip/_vendor/pyproject_hooks/_in_process/_in_process.py,This is invoked in a subprocess to call the build backend hooks.
venv/Lib/site-packages/pip/_vendor/pyproject_hooks/_in_process/__init__.py,This is a subpackage because the directory is on sys.path for _in_process.py
venv/Lib/site-packages/pip/_vendor/certifi/__init__.py,
venv/Lib/site-packages/pip/_vendor/certifi/core.py,
venv/Lib/site-packages/pip/_vendor/certifi/__main__.py,
venv/Lib/site-packages/pip/_vendor/resolvelib/providers.py,Delegate class to provide the required interface for the resolver.
venv/Lib/site-packages/pip/_vendor/resolvelib/__init__.py,
venv/Lib/site-packages/pip/_vendor/resolvelib/structs.py,Resolution state in a round.
venv/Lib/site-packages/pip/_vendor/resolvelib/reporters.py,Delegate class to provide progress reporting for the resolver.
venv/Lib/site-packages/pip/_vendor/resolvelib/resolvers/abstract.py,The thing that performs the actual resolution work.
venv/Lib/site-packages/pip/_vendor/resolvelib/resolvers/__init__.py,
venv/Lib/site-packages/pip/_vendor/resolvelib/resolvers/resolution.py,Stateful resolution object.
venv/Lib/site-packages/pip/_vendor/resolvelib/resolvers/criterion.py,Representation of possible resolution results of a package.
venv/Lib/site-packages/pip/_vendor/resolvelib/resolvers/exceptions.py,A base class for all exceptions raised by this module.
venv/Lib/site-packages/pip/_vendor/pkg_resources/__init__.py,
venv/Lib/site-packages/pip/_vendor/idna/uts46data.py,IDNA Mapping Table from UTS46.
venv/Lib/site-packages/pip/_vendor/idna/compat.py,
venv/Lib/site-packages/pip/_vendor/idna/__init__.py,
venv/Lib/site-packages/pip/_vendor/idna/idnadata.py,
venv/Lib/site-packages/pip/_vendor/idna/core.py,Base exception for all IDNA-encoding related problems
venv/Lib/site-packages/pip/_vendor/idna/intranges.py,
venv/Lib/site-packages/pip/_vendor/idna/codec.py,
venv/Lib/site-packages/pip/_vendor/idna/package_data.py,
venv/Lib/site-packages/pip/_vendor/rich/_stack.py,A small shim over builtin list.
venv/Lib/site-packages/pip/_vendor/rich/segment.py,Non-printable control codes which typically translate to ANSI codes.
venv/Lib/site-packages/pip/_vendor/rich/_timer.py,
venv/Lib/site-packages/pip/_vendor/rich/color_triplet.py,"The red, green, and blue components of a color."
venv/Lib/site-packages/pip/_vendor/rich/console.py,Size of the terminal.
venv/Lib/site-packages/pip/_vendor/rich/abc.py,An abstract base class for Rich renderables.
venv/Lib/site-packages/pip/_vendor/rich/live_render.py,Creates a renderable that may be updated.
venv/Lib/site-packages/pip/_vendor/rich/emoji.py,No emoji by that name.
venv/Lib/site-packages/pip/_vendor/rich/region.py,Defines a rectangular region of the screen.
venv/Lib/site-packages/pip/_vendor/rich/layout.py,An individual layout render.
venv/Lib/site-packages/pip/_vendor/rich/bar.py,Renders a solid block bar.
venv/Lib/site-packages/pip/_vendor/rich/filesize.py,Functions for reporting filesizes. Borrowed from https://github.com/PyFilesystem/pyfilesystem2
venv/Lib/site-packages/pip/_vendor/rich/terminal_theme.py,A color theme used when exporting console content.
venv/Lib/site-packages/pip/_vendor/rich/_pick.py,Pick the first non-none bool or return the last value.
venv/Lib/site-packages/pip/_vendor/rich/_fileno.py,"Get fileno() from a file, accounting for poorly implemented file-like objects."
venv/Lib/site-packages/pip/_vendor/rich/columns.py,Display renderables in neat columns.
venv/Lib/site-packages/pip/_vendor/rich/pager.py,Base class for a pager.
venv/Lib/site-packages/pip/_vendor/rich/box.py,Defines characters to render boxes.
venv/Lib/site-packages/pip/_vendor/rich/style.py,A descriptor to get/set a style attribute bit.
venv/Lib/site-packages/pip/_vendor/rich/_inspect.py,Get the first paragraph from a docstring.
venv/Lib/site-packages/pip/_vendor/rich/_win32_console.py,Light wrapper around the Win32 Console API - this module should only be imported on Windows
venv/Lib/site-packages/pip/_vendor/rich/measure.py,Stores the minimum and maximum widths (in characters) required to render an object.
venv/Lib/site-packages/pip/_vendor/rich/_cell_widths.py,
venv/Lib/site-packages/pip/_vendor/rich/_emoji_codes.py,
venv/Lib/site-packages/pip/_vendor/rich/__init__.py,Rich text and beautiful formatting in the terminal.
venv/Lib/site-packages/pip/_vendor/rich/_emoji_replace.py,Replace emoji code in text.
venv/Lib/site-packages/pip/_vendor/rich/_ratio.py,Any object that defines an edge (such as Layout).
venv/Lib/site-packages/pip/_vendor/rich/default_styles.py,
venv/Lib/site-packages/pip/_vendor/rich/highlighter.py,Combine a number of regexes in to a single regex.
venv/Lib/site-packages/pip/_vendor/rich/_palettes.py,
venv/Lib/site-packages/pip/_vendor/rich/padding.py,Draw space around content.
venv/Lib/site-packages/pip/_vendor/rich/tree.py,A renderable for a tree structure.
venv/Lib/site-packages/pip/_vendor/rich/_null_file.py,
venv/Lib/site-packages/pip/_vendor/rich/_spinners.py,
venv/Lib/site-packages/pip/_vendor/rich/panel.py,A console renderable that draws a border around its contents.
venv/Lib/site-packages/pip/_vendor/rich/_extension.py,
venv/Lib/site-packages/pip/_vendor/rich/_windows_renderer.py,Makes appropriate Windows Console API calls based on the segments in the buffer.
venv/Lib/site-packages/pip/_vendor/rich/cells.py,Get the number of cells required to display text.
venv/Lib/site-packages/pip/_vendor/rich/ansi.py,","
venv/Lib/site-packages/pip/_vendor/rich/spinner.py,A spinner animation.
venv/Lib/site-packages/pip/_vendor/rich/status.py,Displays a status indicator with a 'spinner' animation.
venv/Lib/site-packages/pip/_vendor/rich/file_proxy.py,Wraps a file (e.g. sys.stdout) and redirects writes to a console.
venv/Lib/site-packages/pip/_vendor/rich/table.py,Defines a column within a ~Table.
venv/Lib/site-packages/pip/_vendor/rich/syntax.py,Base class for a syntax theme.
venv/Lib/site-packages/pip/_vendor/rich/prompt.py,Exception base class for prompt related errors.
venv/Lib/site-packages/pip/_vendor/rich/palette.py,A palette of available colors.
venv/Lib/site-packages/pip/_vendor/rich/jupyter.py,
venv/Lib/site-packages/pip/_vendor/rich/__main__.py,Get a renderable that demonstrates a number of features.
venv/Lib/site-packages/pip/_vendor/rich/diagnose.py,Print a report to the terminal with debugging information
venv/Lib/site-packages/pip/_vendor/rich/progress.py,A thread to periodically update progress.
venv/Lib/site-packages/pip/_vendor/rich/pretty.py,Check if an object was created with attrs module.
venv/Lib/site-packages/pip/_vendor/rich/containers.py,A list subclass which renders its contents to the console.
venv/Lib/site-packages/pip/_vendor/rich/protocol.py,Check if an object may be rendered by Rich.
venv/Lib/site-packages/pip/_vendor/rich/color.py,One of the 3 color system supported by terminals.
venv/Lib/site-packages/pip/_vendor/rich/text.py,A plain string or a :class:`Text` instance.
venv/Lib/site-packages/pip/_vendor/rich/_wrap.py,Yields each word from the text as a tuple
venv/Lib/site-packages/pip/_vendor/rich/theme.py,"A container for style information, used by :class:`~rich.console.Console`."
venv/Lib/site-packages/pip/_vendor/rich/_loop.py,Iterate and generate a tuple with a flag for first value.
venv/Lib/site-packages/pip/_vendor/rich/live.py,A thread that calls refresh() at regular intervals.
venv/Lib/site-packages/pip/_vendor/rich/markup.py,A tag in console markup.
venv/Lib/site-packages/pip/_vendor/rich/traceback.py,Yield start and end positions per line.
venv/Lib/site-packages/pip/_vendor/rich/_log_render.py,
venv/Lib/site-packages/pip/_vendor/rich/themes.py,
venv/Lib/site-packages/pip/_vendor/rich/align.py,Align a renderable by adding spaces if necessary.
venv/Lib/site-packages/pip/_vendor/rich/errors.py,An error in console operation.
venv/Lib/site-packages/pip/_vendor/rich/screen.py,A renderable that fills the terminal screen and crops excess.
venv/Lib/site-packages/pip/_vendor/rich/control.py,A renderable that inserts a control code (non printable but may move cursor).
venv/Lib/site-packages/pip/_vendor/rich/repr.py,An error occurred when attempting to build a repr.
venv/Lib/site-packages/pip/_vendor/rich/rule.py,A console renderable to draw a horizontal rule (line).
venv/Lib/site-packages/pip/_vendor/rich/logging.py,A logging handler that renders output with Rich. The time / level / message and file are displayed in columns.
venv/Lib/site-packages/pip/_vendor/rich/json.py,A renderable which pretty prints JSON.
venv/Lib/site-packages/pip/_vendor/rich/_export_format.py,
venv/Lib/site-packages/pip/_vendor/rich/_windows.py,Windows features available.
venv/Lib/site-packages/pip/_vendor/rich/constrain.py,Constrain the width of a renderable to a given number of characters.
venv/Lib/site-packages/pip/_vendor/rich/scope.py,Render python variables in a given scope.
venv/Lib/site-packages/pip/_vendor/rich/progress_bar.py,Renders a (progress) bar. Used by rich.progress.
venv/Lib/site-packages/pip/_vendor/rich/styled.py,Apply a style to a renderable.
venv/Lib/site-packages/pip/_vendor/platformdirs/version.py,
venv/Lib/site-packages/pip/_vendor/platformdirs/macos.py,macOS.
venv/Lib/site-packages/pip/_vendor/platformdirs/android.py,Android.
venv/Lib/site-packages/pip/_vendor/platformdirs/__init__.py,
venv/Lib/site-packages/pip/_vendor/platformdirs/api.py,Base API.
venv/Lib/site-packages/pip/_vendor/platformdirs/__main__.py,Main entry point.
venv/Lib/site-packages/pip/_vendor/platformdirs/windows.py,Windows.
venv/Lib/site-packages/pip/_vendor/platformdirs/unix.py,Unix.
venv/Lib/site-packages/pip/_vendor/packaging/version.py,
venv/Lib/site-packages/pip/_vendor/packaging/_elffile.py,
venv/Lib/site-packages/pip/_vendor/packaging/_tokenizer.py,The provided source text could not be parsed correctly.
venv/Lib/site-packages/pip/_vendor/packaging/_structures.py,
venv/Lib/site-packages/pip/_vendor/packaging/tags.py,
venv/Lib/site-packages/pip/_vendor/packaging/__init__.py,
venv/Lib/site-packages/pip/_vendor/packaging/metadata.py,A minimal implementation of :external:exc:`ExceptionGroup` from Python 3.11.
venv/Lib/site-packages/pip/_vendor/packaging/markers.py,
venv/Lib/site-packages/pip/_vendor/packaging/specifiers.py,
venv/Lib/site-packages/pip/_vendor/packaging/_manylinux.py,
venv/Lib/site-packages/pip/_vendor/packaging/_musllinux.py,PEP 656 support.
venv/Lib/site-packages/pip/_vendor/packaging/_parser.py,Handwritten parser of dependency specifiers.
venv/Lib/site-packages/pip/_vendor/packaging/requirements.py,
venv/Lib/site-packages/pip/_vendor/packaging/utils.py,
venv/Lib/site-packages/pip/_vendor/packaging/licenses/_spdx.py,
venv/Lib/site-packages/pip/_vendor/packaging/licenses/__init__.py,Raised when a license-expression string is invalid
venv/Lib/site-packages/pip/_internal/main.py,This is preserved for old console scripts that may still be referencing
venv/Lib/site-packages/pip/_internal/wheel_builder.py,Orchestrator for building wheels from InstallRequirements.
venv/Lib/site-packages/pip/_internal/self_outdated_check.py,Convert an ISO format string to a date.
venv/Lib/site-packages/pip/_internal/__init__.py,This is preserved for old console scripts that may still be referencing
venv/Lib/site-packages/pip/_internal/build_env.py,Build Environment used for isolation during sdist building
venv/Lib/site-packages/pip/_internal/cache.py,Cache Management
venv/Lib/site-packages/pip/_internal/exceptions.py,Exceptions used throughout package.
venv/Lib/site-packages/pip/_internal/configuration.py,Configuration management setup
venv/Lib/site-packages/pip/_internal/pyproject.py,Load the pyproject.toml file.
venv/Lib/site-packages/pip/_internal/index/__init__.py,Index interaction code
venv/Lib/site-packages/pip/_internal/index/collector.py,
venv/Lib/site-packages/pip/_internal/index/sources.py,"Returns the underlying link, if there's one."
venv/Lib/site-packages/pip/_internal/index/package_finder.py,"Routines related to PyPI, indexes"
venv/Lib/site-packages/pip/_internal/utils/deprecation.py,
venv/Lib/site-packages/pip/_internal/utils/packaging.py,
venv/Lib/site-packages/pip/_internal/utils/compatibility_tags.py,Generate and work with PEP 425 Compatibility Tags.
venv/Lib/site-packages/pip/_internal/utils/datetime.py,For when pip wants to check the date or time.
venv/Lib/site-packages/pip/_internal/utils/_jaraco_text.py,Functions brought over from jaraco.text.
venv/Lib/site-packages/pip/_internal/utils/entrypoints.py,Central wrapper for all old entrypoints.
venv/Lib/site-packages/pip/_internal/utils/_log.py,Customize logging
venv/Lib/site-packages/pip/_internal/utils/subprocess.py,
venv/Lib/site-packages/pip/_internal/utils/compat.py,Stuff that differs in different Python versions and platform
venv/Lib/site-packages/pip/_internal/utils/hashes.py,A wrapper that builds multiple hashes at once and checks them against
venv/Lib/site-packages/pip/_internal/utils/misc.py,
venv/Lib/site-packages/pip/_internal/utils/filesystem.py,Return a file-like object pointing to a tmp file next to path.
venv/Lib/site-packages/pip/_internal/utils/__init__.py,
venv/Lib/site-packages/pip/_internal/utils/temp_dir.py,Manages temp directory behavior
venv/Lib/site-packages/pip/_internal/utils/wheel.py,Support functions for working with wheel files.
venv/Lib/site-packages/pip/_internal/utils/direct_url_helpers.py,Convert a DirectUrl to a pip requirement string.
venv/Lib/site-packages/pip/_internal/utils/filetypes.py,Filetype information.
venv/Lib/site-packages/pip/_internal/utils/retry.py,Decorator to automatically retry a function on error.
venv/Lib/site-packages/pip/_internal/utils/unpacking.py,Utilities related archives.
venv/Lib/site-packages/pip/_internal/utils/glibc.py,Try to determine the glibc version
venv/Lib/site-packages/pip/_internal/utils/egg_link.py,
venv/Lib/site-packages/pip/_internal/utils/virtualenv.py,Checks if sys.base_prefix and sys.prefix match.
venv/Lib/site-packages/pip/_internal/utils/urls.py,
venv/Lib/site-packages/pip/_internal/utils/appdirs.py,
venv/Lib/site-packages/pip/_internal/utils/logging.py,
venv/Lib/site-packages/pip/_internal/utils/setuptools_build.py,
venv/Lib/site-packages/pip/_internal/cli/status_codes.py,
venv/Lib/site-packages/pip/_internal/cli/main.py,Primary application entrypoint.
venv/Lib/site-packages/pip/_internal/cli/command_context.py,
venv/Lib/site-packages/pip/_internal/cli/autocompletion.py,Logic that powers autocompletion installed by ``pip completion``.
venv/Lib/site-packages/pip/_internal/cli/__init__.py,Subpackage containing all of pip's command line interface related code
venv/Lib/site-packages/pip/_internal/cli/index_command.py,
venv/Lib/site-packages/pip/_internal/cli/progress_bars.py,Get an object that can be used to render the download progress.
venv/Lib/site-packages/pip/_internal/cli/main_parser.py,A single place for constructing and exposing the main parser
venv/Lib/site-packages/pip/_internal/cli/req_command.py,Contains the RequirementCommand base class.
venv/Lib/site-packages/pip/_internal/cli/base_command.py,"Base Command class, and related routines"
venv/Lib/site-packages/pip/_internal/cli/cmdoptions.py,
venv/Lib/site-packages/pip/_internal/cli/parser.py,Base option parser setup
venv/Lib/site-packages/pip/_internal/cli/spinners.py,
venv/Lib/site-packages/pip/_internal/req/req_dependency_group.py,
venv/Lib/site-packages/pip/_internal/req/constructors.py,Backing implementation for InstallRequirement's various constructors
venv/Lib/site-packages/pip/_internal/req/req_install.py,
venv/Lib/site-packages/pip/_internal/req/__init__.py,
venv/Lib/site-packages/pip/_internal/req/req_file.py,
venv/Lib/site-packages/pip/_internal/req/req_uninstall.py,Create the fully qualified name of the files created by
venv/Lib/site-packages/pip/_internal/req/req_set.py,Create a RequirementSet.
venv/Lib/site-packages/pip/_internal/commands/list.py,Give the distribution object a couple of extra fields.
venv/Lib/site-packages/pip/_internal/commands/install.py,
venv/Lib/site-packages/pip/_internal/commands/debug.py,Log the actual version and print extra info if there is
venv/Lib/site-packages/pip/_internal/commands/hash.py,
venv/Lib/site-packages/pip/_internal/commands/__init__.py,
venv/Lib/site-packages/pip/_internal/commands/wheel.py,
venv/Lib/site-packages/pip/_internal/commands/inspect.py,
venv/Lib/site-packages/pip/_internal/commands/download.py,
venv/Lib/site-packages/pip/_internal/commands/lock.py,
venv/Lib/site-packages/pip/_internal/commands/cache.py,
venv/Lib/site-packages/pip/_internal/commands/show.py,
venv/Lib/site-packages/pip/_internal/commands/help.py,Show help for commands
venv/Lib/site-packages/pip/_internal/commands/freeze.py,
venv/Lib/site-packages/pip/_internal/commands/configuration.py,
venv/Lib/site-packages/pip/_internal/commands/search.py,Search for PyPI packages whose name or summary contains <query>.
venv/Lib/site-packages/pip/_internal/commands/index.py,
venv/Lib/site-packages/pip/_internal/commands/completion.py,
venv/Lib/site-packages/pip/_internal/commands/uninstall.py,
venv/Lib/site-packages/pip/_internal/commands/check.py,Verify installed packages have compatible dependencies.
venv/Lib/site-packages/pip/_internal/resolution/__init__.py,
venv/Lib/site-packages/pip/_internal/resolution/base.py,
venv/Lib/site-packages/pip/_internal/resolution/resolvelib/reporter.py,A reporter that does an info log for every event it sees.
venv/Lib/site-packages/pip/_internal/resolution/resolvelib/factory.py,Get the candidate for the currently-installed version.
venv/Lib/site-packages/pip/_internal/resolution/resolvelib/__init__.py,
venv/Lib/site-packages/pip/_internal/resolution/resolvelib/found_candidates.py,Utilities to lazily create and visit candidates found.
venv/Lib/site-packages/pip/_internal/resolution/resolvelib/base.py,"The ""project name"" of a requirement."
venv/Lib/site-packages/pip/_internal/resolution/resolvelib/candidates.py,The runtime version of BaseCandidate.
venv/Lib/site-packages/pip/_internal/resolution/resolvelib/provider.py,Get item from a package name lookup mapping with a resolver identifier.
venv/Lib/site-packages/pip/_internal/resolution/resolvelib/resolver.py,Get order for installation of requirements in RequirementSet.
venv/Lib/site-packages/pip/_internal/resolution/resolvelib/requirements.py,
venv/Lib/site-packages/pip/_internal/resolution/legacy/__init__.py,
venv/Lib/site-packages/pip/_internal/resolution/legacy/resolver.py,Dependency Resolution
venv/Lib/site-packages/pip/_internal/models/candidate.py,"Represents a potential ""candidate"" for installation."
venv/Lib/site-packages/pip/_internal/models/pylock.py,
venv/Lib/site-packages/pip/_internal/models/direct_url.py,PEP 610
venv/Lib/site-packages/pip/_internal/models/installation_report.py,
venv/Lib/site-packages/pip/_internal/models/search_scope.py,
venv/Lib/site-packages/pip/_internal/models/__init__.py,A package that contains models that represent entities.
venv/Lib/site-packages/pip/_internal/models/selection_prefs.py,
venv/Lib/site-packages/pip/_internal/models/target_python.py,
venv/Lib/site-packages/pip/_internal/models/wheel.py,Represents a wheel file and provides access to the various parts of the
venv/Lib/site-packages/pip/_internal/models/scheme.py,
venv/Lib/site-packages/pip/_internal/models/link.py,Links to content may have embedded hash values. This class parses those.
venv/Lib/site-packages/pip/_internal/models/format_control.py,Helper for managing formats from which a package can be installed.
venv/Lib/site-packages/pip/_internal/models/index.py,Represents a Package Index and provides easier access to endpoints
venv/Lib/site-packages/pip/_internal/operations/__init__.py,
venv/Lib/site-packages/pip/_internal/operations/freeze.py,
venv/Lib/site-packages/pip/_internal/operations/prepare.py,Prepares a distribution for installation
venv/Lib/site-packages/pip/_internal/operations/check.py,Validation of dependencies of packages
venv/Lib/site-packages/pip/_internal/operations/build/wheel_editable.py,Build one InstallRequirement using the PEP 660 build process.
venv/Lib/site-packages/pip/_internal/operations/build/__init__.py,
venv/Lib/site-packages/pip/_internal/operations/build/metadata.py,Metadata generation logic for source distributions.
venv/Lib/site-packages/pip/_internal/operations/build/wheel.py,Build one InstallRequirement using the PEP 517 build process.
venv/Lib/site-packages/pip/_internal/operations/build/build_tracker.py,Uniquely identifying string provided to the build tracker.
venv/Lib/site-packages/pip/_internal/operations/build/metadata_legacy.py,Metadata generation logic for legacy source distributions.
venv/Lib/site-packages/pip/_internal/operations/build/metadata_editable.py,Metadata generation logic for source distributions.
venv/Lib/site-packages/pip/_internal/operations/build/wheel_legacy.py,Format command information for logging.
venv/Lib/site-packages/pip/_internal/operations/install/__init__.py,For modules related to installing packages.
venv/Lib/site-packages/pip/_internal/operations/install/wheel.py,"Support for installing and building the ""wheel"" binary package format."
venv/Lib/site-packages/pip/_internal/operations/install/editable_legacy.py,"Legacy editable installation process, i.e. `setup.py develop`."
venv/Lib/site-packages/pip/_internal/metadata/_json.py,Convert a Message object into a JSON-compatible dictionary.
venv/Lib/site-packages/pip/_internal/metadata/__init__.py,Whether to use the ``importlib.metadata`` or ``pkg_resources`` backend.
venv/Lib/site-packages/pip/_internal/metadata/base.py,Convert a legacy installed-files.txt path into modern RECORD path.
venv/Lib/site-packages/pip/_internal/metadata/pkg_resources.py,IMetadataProvider that reads metadata files from a dictionary.
venv/Lib/site-packages/pip/_internal/metadata/importlib/_compat.py,A protocol that various path objects conform.
venv/Lib/site-packages/pip/_internal/metadata/importlib/__init__.py,
venv/Lib/site-packages/pip/_internal/metadata/importlib/_envs.py,Finder to locate distributions.
venv/Lib/site-packages/pip/_internal/metadata/importlib/_dists.py,An ``importlib.metadata.Distribution`` read from a wheel.
venv/Lib/site-packages/pip/_internal/distributions/sdist.py,Represents a source distribution.
venv/Lib/site-packages/pip/_internal/distributions/__init__.py,Returns a Distribution for the given InstallRequirement
venv/Lib/site-packages/pip/_internal/distributions/base.py,A base class for handling installable artifacts.
venv/Lib/site-packages/pip/_internal/distributions/wheel.py,Represents a wheel distribution.
venv/Lib/site-packages/pip/_internal/distributions/installed.py,Represents an installed package.
venv/Lib/site-packages/pip/_internal/network/lazy_wheel.py,Lazy ZIP over HTTP
venv/Lib/site-packages/pip/_internal/network/auth.py,Network Authentication Helpers
venv/Lib/site-packages/pip/_internal/network/__init__.py,Contains purely network-related utilities.
venv/Lib/site-packages/pip/_internal/network/download.py,Download files with progress indicators.
venv/Lib/site-packages/pip/_internal/network/session.py,"PipSession and supporting code, containing all pip-specific"
venv/Lib/site-packages/pip/_internal/network/cache.py,HTTP cache implementation.
venv/Lib/site-packages/pip/_internal/network/xmlrpc.py,xmlrpclib.Transport implementation
venv/Lib/site-packages/pip/_internal/network/utils.py,"Given a requests Response, provide the data chunks."
venv/Lib/site-packages/pip/_internal/locations/_sysconfig.py,Check for Apple's ``osx_framework_library`` scheme.
venv/Lib/site-packages/pip/_internal/locations/_distutils.py,"Locations where we look for configs, install stuff, etc"
venv/Lib/site-packages/pip/_internal/locations/__init__.py,This function determines the value of _USE_SYSCONFIG.
venv/Lib/site-packages/pip/_internal/locations/base.py,
venv/Lib/site-packages/pip/_internal/vcs/git.py,
venv/Lib/site-packages/pip/_internal/vcs/mercurial.py,
venv/Lib/site-packages/pip/_internal/vcs/bazaar.py,Always assume the versions don't match
venv/Lib/site-packages/pip/_internal/vcs/versioncontrol.py,Handles all VCS (version control) support
venv/Lib/site-packages/pip/_internal/vcs/__init__.py,
venv/Lib/site-packages/pip/_internal/vcs/subversion.py,
src/utils/config.py,Configuration management
src/utils/__init__.py,
src/utils/logger.py,Setup logger with consistent formatting - Windows compatible
src/backtest/metrics.py,Calculate additional trading metrics
src/backtest/__init__.py,
src/backtest/engine.py,Backtesting engine for strategy evaluation
src/backtest/backtest.py,
src/backtest/run_pro.py,Generate more realistic sample OHLCV data for testing
src/handlers/notifications.py,Manage trading notifications
src/handlers/__init__.py,
src/handlers/control_center_handler.py,Telegram bot with Step-by-Step Wizard Flow
src/db/models.py,
src/db/db.py,Initialize database tables
src/db/__init__.py,
src/services/signal_engine.py,Dataclass representing a generated trading signal.
src/services/market_data.py,Market data service for fetching OHLCV data
src/services/__init__.py,
src/services/exec_engine.py,Trade execution engine
src/services/risk.py,Risk management service
src/services/binance_adapter.py,Adapter for Binance exchange operations
src/strategies/trend_surfer_bt.py,Trend Surfer strategy for backtesting - Working version
src/strategies/dip_hunter_bt.py,Dip Hunter strategy for backtesting - Improved version
src/strategies/breakout_sniper_bt.py,Breakout Sniper strategy for backtesting - Working version
src/strategies/vwap_zscore_live.py,
src/strategies/__init__.py,
src/strategies/donchian_atr_live.py,
src/strategies/base_bt.py,Base class for backtesting strategies (synchronous)
src/strategies/registry.py,
src/strategies/base_live.py,Base class for live trading strategies (asynchronous) - FIXED VERSION
src/strategies/breakout_sniper_live.py,Breakout Sniper strategy for live trading - FIXED VERSION
src/strategies/bollinger_snapback_live.py,
src/strategies/trend_surfer_live.py,Trend Surfer strategy for live trading - FIXED VERSION
src/strategies/dip_hunter_live.py,Dip Hunter strategy for live trading - FIXED VERSION
